,0,1,2,3
0,ZTF21aacwleg,ZTF18abupvih,ZTF17aaakibn,ZTF19aapwycx
1,ZTF20abeyqmx,ZTF20abisrhp,ZTF18acdycxn,ZTF20aajlrpv
2,ZTF19aailuwz,ZTF19aarjswq,ZTF20abfcszi,ZTF18aacfkbt
3,ZTF18aaeseng,ZTF18aaerols,ZTF20acitpfz,ZTF20acwozwz
4,ZTF18aaaxler,ZTF20aalejtl,ZTF20acoqlrd,ZTF21aagogqe
5,ZTF18aalszts,ZTF20abgwfek,ZTF18aaerols,ZTF18aaeseng
6,ZTF20acqelhh,ZTF20acwnrty,ZTF19acmbhvv,ZTF20aclnsts
7,ZTF18acqqfmi,ZTF20actvion,ZTF18acvhyeb,ZTF18acppths
8,ZTF18acbzpgl,ZTF18aawwguv,ZTF18acayrru,ZTF18aastjse
9,ZTF18abziemr,ZTF18accvmup,ZTF21aagtvjq,ZTF18abvktld
10,ZTF19aadfywn,ZTF18abamtpy,ZTF18aajjddu,ZTF19aabzdcn
11,ZTF18aaeilwp,ZTF20aaunrjv,ZTF18aaujbor,ZTF18aaujfsg
12,ZTF20aazpown,ZTF18acrngog,ZTF20aaosnjq,ZTF20acbjbxk
13,ZTF19aasbhvl,ZTF18abrzivs,ZTF20aazfyyp,ZTF19aalbfxp
14,ZTF20acqvdiu,ZTF19aamhjtd,ZTF20aciidkb,ZTF18achdict
15,ZTF19abjppmq,ZTF18aaxzlux,ZTF18acdvqvo,ZTF18acnbgsj
16,ZTF21aalenaa,ZTF17aacenvb,ZTF19aatbtkg,ZTF18abuvzaf
17,ZTF18aczergg,ZTF19aayxgvs,ZTF20abkwvgc,ZTF18abtswmi
18,ZTF18aayqobu,ZTF20aarswek,ZTF18aatgdoy,ZTF18aastjse
19,ZTF19aaapjwe,ZTF20aazqiel,ZTF20abatmsa,ZTF18abjhack
20,ZTF20acwgnxk,ZTF21aabgqho,ZTF18aabefzb,ZTF18aakaajs
21,ZTF19aarisav,ZTF19aavriyn,ZTF18abausqt,ZTF18abqpnez
22,ZTF18aavvpmj,ZTF18ablqfts,ZTF19acdtnwr,ZTF20abqgbum
23,ZTF19aaillls,ZTF18aafuqdz,ZTF18aagsuom,ZTF19aadesku
24,ZTF18aayjodf,ZTF19aarstfl,ZTF18aaxroue,ZTF19aanvfjp
25,ZTF19aarjswq,ZTF20abfcszi,ZTF19aailuwz,ZTF19aavkaio
26,ZTF20abyxjvm,ZTF20aadccif,ZTF18adbhozd,ZTF18abxsnxx
27,ZTF18acepcdy,ZTF18acxzybr,ZTF18aaalwjb,ZTF20aakzbhx
28,ZTF19adcfssy,ZTF18aayzihd,ZTF18accnpkh,ZTF18aayypcx
29,ZTF21aagyrvh,ZTF18aajbiwy,ZTF20abvtozi,ZTF20aayvmyh
30,ZTF18acyygkq,ZTF18aaaaalg,ZTF20abvowvw,ZTF18aajrnpl
